{"_type":"export","__export_format":4,"__export_date":"2021-11-14T23:30:38.380Z","__export_source":"insomnia.desktop.app:v2021.6.0","resources":[{"_id":"req_13ea2edd67d3419b9bcfbff3ed1f2b7d","parentId":"fld_4f88cd2407004ce2a368a7103f4ec782","modified":1636924721663,"created":1636896071458,"url":"{{ _.base_url }}/users/49/liked_tweets","name":"liked_tweets","description":"","method":"GET","body":{},"parameters":[],"headers":[],"authentication":{},"metaSortKey":-1636896071458,"isPrivate":false,"settingStoreCookies":true,"settingSendCookies":true,"settingDisableRenderRequestBody":false,"settingEncodeUrl":true,"settingRebuildPath":true,"settingFollowRedirects":"global","_type":"request"},{"_id":"fld_4f88cd2407004ce2a368a7103f4ec782","parentId":"wrk_7f7ec5c0670d47159b23ef3639718156","modified":1636814387026,"created":1636814387026,"name":"users","description":"","environment":{},"environmentPropertyOrder":null,"metaSortKey":-1636814387026,"_type":"request_group"},{"_id":"wrk_7f7ec5c0670d47159b23ef3639718156","parentId":null,"modified":1623031144596,"created":1623031087994,"name":"Twitter API","description":"","scope":"collection","_type":"workspace"},{"_id":"req_ebb69004c5474e8db9481cc381707023","parentId":"fld_4f88cd2407004ce2a368a7103f4ec782","modified":1636931244033,"created":1636826026695,"url":"{{ _.base_url }}/users/52","name":"update","description":"","method":"PUT","body":{"mimeType":"application/json","text":"{\n\t\n}"},"parameters":[],"headers":[{"name":"Content-Type","value":"application/json","id":"pair_174c5686db89460e9a369818e65cd943"}],"authentication":{},"metaSortKey":-1636826026695,"isPrivate":false,"settingStoreCookies":true,"settingSendCookies":true,"settingDisableRenderRequestBody":false,"settingEncodeUrl":true,"settingRebuildPath":true,"settingFollowRedirects":"global","_type":"request"},{"_id":"req_47e33d51fa5d43c181a91882303593fb","parentId":"fld_4f88cd2407004ce2a368a7103f4ec782","modified":1636843745891,"created":1636825639435,"url":"{{ _.base_url }}/users/53","name":"delete","description":"","method":"DELETE","body":{},"parameters":[],"headers":[],"authentication":{},"metaSortKey":-1636825639435,"isPrivate":false,"settingStoreCookies":true,"settingSendCookies":true,"settingDisableRenderRequestBody":false,"settingEncodeUrl":true,"settingRebuildPath":true,"settingFollowRedirects":"global","_type":"request"},{"_id":"req_35f9b6d4c9d34d75943283e05023cb81","parentId":"fld_4f88cd2407004ce2a368a7103f4ec782","modified":1636844668952,"created":1636818110952,"url":"{{ _.base_url }}/users","name":"create","description":"","method":"POST","body":{"mimeType":"application/json","text":"{\n\t\"username\": \"pineappledreamer\",\n\t\"password\": \"sup3rs3cr3t\"\n}"},"parameters":[],"headers":[{"name":"Content-Type","value":"application/json","id":"pair_04725ced6de04cc6a5d075e1a74a522e"}],"authentication":{},"metaSortKey":-1636818110952,"isPrivate":false,"settingStoreCookies":true,"settingSendCookies":true,"settingDisableRenderRequestBody":false,"settingEncodeUrl":true,"settingRebuildPath":true,"settingFollowRedirects":"global","_type":"request"},{"_id":"req_f44e7087a92f46c1b3171c23552b1640","parentId":"fld_4f88cd2407004ce2a368a7103f4ec782","modified":1636822934125,"created":1636818037276,"url":"{{ _.base_url }}/users/36","name":"show","description":"","method":"GET","body":{},"parameters":[],"headers":[],"authentication":{},"metaSortKey":-1636818037276,"isPrivate":false,"settingStoreCookies":true,"settingSendCookies":true,"settingDisableRenderRequestBody":false,"settingEncodeUrl":true,"settingRebuildPath":true,"settingFollowRedirects":"global","_type":"request"},{"_id":"req_37af3ffe05904337ba0a620385554482","parentId":"fld_4f88cd2407004ce2a368a7103f4ec782","modified":1636822827180,"created":1636814394587,"url":"{{ _.base_url }}/users","name":"index","description":"","method":"GET","body":{},"parameters":[],"headers":[{"id":"pair_a18328e3e9444da39f4063691d4a5f9b","name":"Content-Type","value":"application/json","description":"","disabled":true}],"authentication":{},"metaSortKey":-1623031206052.75,"isPrivate":false,"settingStoreCookies":true,"settingSendCookies":true,"settingDisableRenderRequestBody":false,"settingEncodeUrl":true,"settingRebuildPath":true,"settingFollowRedirects":"global","_type":"request"},{"_id":"req_3affa697801f4120b01b1cea4d7ea1a2","parentId":"fld_a326a0cbb48f427ea0da0ecb18da4bd0","modified":1636931916405,"created":1636844962584,"url":"{{ _.base_url }}/tweets/30/liking_users","name":"liking_users","description":"","method":"GET","body":{},"parameters":[],"headers":[],"authentication":{},"metaSortKey":-1636844962644,"isPrivate":false,"settingStoreCookies":true,"settingSendCookies":true,"settingDisableRenderRequestBody":false,"settingEncodeUrl":true,"settingRebuildPath":true,"settingFollowRedirects":"global","_type":"request"},{"_id":"fld_a326a0cbb48f427ea0da0ecb18da4bd0","parentId":"wrk_7f7ec5c0670d47159b23ef3639718156","modified":1623043537546,"created":1623040747451,"name":"tweets","description":"","environment":{},"environmentPropertyOrder":null,"metaSortKey":-1623031184767,"_type":"request_group"},{"_id":"req_fdbd69ee4c4542e3827d5923bf0e4410","parentId":"fld_a326a0cbb48f427ea0da0ecb18da4bd0","modified":1623040751874,"created":1623040747453,"url":"{{ _.base_url }}/tweets","name":"index","description":"","method":"GET","body":{},"parameters":[],"headers":[],"authentication":{},"metaSortKey":-1623031206059,"isPrivate":false,"settingStoreCookies":true,"settingSendCookies":true,"settingDisableRenderRequestBody":false,"settingEncodeUrl":true,"settingRebuildPath":true,"settingFollowRedirects":"global","_type":"request"},{"_id":"req_4ab04d3fa6664af99c03bc4eefc118bc","parentId":"fld_a326a0cbb48f427ea0da0ecb18da4bd0","modified":1632906289252,"created":1623040747455,"url":"{{ _.base_url }}/tweets/4","name":"show","description":"","method":"GET","body":{},"parameters":[],"headers":[],"authentication":{},"metaSortKey":-1623031206046.5,"isPrivate":false,"settingStoreCookies":true,"settingSendCookies":true,"settingDisableRenderRequestBody":false,"settingEncodeUrl":true,"settingRebuildPath":true,"settingFollowRedirects":"global","_type":"request"},{"_id":"req_d7adcca532c747eabf366b62fe35ca07","parentId":"fld_a326a0cbb48f427ea0da0ecb18da4bd0","modified":1636818200736,"created":1623040747458,"url":"{{ _.base_url }}/tweets","name":"create","description":"","method":"POST","body":{"mimeType":"application/json","text":"{\n\t\"user_id\": 5,\n\t\"content\": \"Hello world\"\n}\n"},"parameters":[],"headers":[{"name":"Content-Type","value":"application/json","id":"pair_8c2d00d772ed4fb5ab3160aae2a85bbf","disabled":false}],"authentication":{},"metaSortKey":-1623031206034,"isPrivate":false,"settingStoreCookies":true,"settingSendCookies":true,"settingDisableRenderRequestBody":false,"settingEncodeUrl":true,"settingRebuildPath":true,"settingFollowRedirects":"global","_type":"request"},{"_id":"req_e3972c29de8645d1b4e99a60cc58b334","parentId":"fld_a326a0cbb48f427ea0da0ecb18da4bd0","modified":1632908565433,"created":1623040747461,"url":"{{ _.base_url }}/tweets/4","name":"delete","description":"","method":"DELETE","body":{},"parameters":[],"headers":[],"authentication":{},"metaSortKey":-1623031205984,"isPrivate":false,"settingStoreCookies":true,"settingSendCookies":true,"settingDisableRenderRequestBody":false,"settingEncodeUrl":true,"settingRebuildPath":true,"settingFollowRedirects":"global","_type":"request"},{"_id":"env_eea4593126d94a8ca8f8ad317e7784d1ebe11e7f","parentId":"wrk_7f7ec5c0670d47159b23ef3639718156","modified":1636814196045,"created":1623031088027,"name":"Base Environment","data":{},"dataPropertyOrder":{},"color":null,"isPrivate":false,"metaSortKey":1623031088027,"_type":"environment"},{"_id":"jar_eea4593126d94a8ca8f8ad317e7784d1ebe11e7f","parentId":"wrk_7f7ec5c0670d47159b23ef3639718156","modified":1623031088028,"created":1623031088028,"name":"Default Jar","cookies":[],"_type":"cookie_jar"},{"_id":"spc_a4468ad64623425ea293d5250bd809ff","parentId":"wrk_7f7ec5c0670d47159b23ef3639718156","modified":1623031087995,"created":1623031087995,"fileName":"Insomnia","contents":"","contentType":"yaml","_type":"api_spec"},{"_id":"env_2efb47cb05eb4c2591c111e409852102","parentId":"env_eea4593126d94a8ca8f8ad317e7784d1ebe11e7f","modified":1636814196709,"created":1623031222957,"name":"Twitter Environment","data":{"base_url":"http://localhost:5000"},"dataPropertyOrder":{"&":["base_url"]},"color":null,"isPrivate":false,"metaSortKey":1623031222957,"_type":"environment"}]}